<?xml version="1.0" standalone="no" ?>
<manifest identifier="com.warpvr.launcher.62bffec14869f8ee8a1aa34eb96bb968" version="1"
         xmlns="http://www.imsproject.org/xsd/imscp_rootv1p1p2"
         xmlns:adlcp="http://www.adlnet.org/xsd/adlcp_rootv1p2"
         xmlns:xsi="http://www.w3.org/2001/XMLSchema-instance"
         xsi:schemaLocation="http://www.imsproject.org/xsd/imscp_rootv1p1p2 imscp_rootv1p1p2.xsd
                             http://www.imsglobal.org/xsd/imsmd_rootv1p2p1 imsmd_rootv1p2p1.xsd
                             http://www.adlnet.org/xsd/adlcp_rootv1p2 adlcp_rootv1p2.xsd">

  <metadata>
    <schema>ADL SCORM</schema>
    <schemaversion>1.2</schemaversion>
  </metadata>
  <organizations default="warpvr">
    <organization identifier="warpvr">
      <title>SACYR_DS44_Hospital_Provincia_Cordillera.</title>
      <item identifier="item_1" identifierref="resource_1">
        <title>SACYR_DS44_Hospital_Provincia_Cordillera.</title>
      </item>
    </organization>
  </organizations>
  <resources>
    <resource identifier="resource_1" type="webcontent" adlcp:scormtype="sco" href="index.html">
      <file href="jquery-3.4.1.min.js"/>
      <file href="index.html"/>
      <file href="scorm.js"/>
      <file href="launcher.js"/>
      <file href="style.css"/>
    </resource>
  </resources>
</manifest>
